{
    "per_question_rates": {
        "graphrag": [
            0.0,
            0.0,
            0.0,
            0.0,
            0.0,
            0.0,
            0.0,
            0.5,
            0.0,
            0.0,
            0.5,
            0.0,
            0.0,
            0.0,
            0.0,
            0.0,
            0.0,
            0.0,
            0.5,
            0.0,
            0.5,
            0.0,
            0.5,
            0.0,
            0.5,
            0.0,
            0.5,
            0.5,
            0.5,
            0.0,
            0.0,
            0.0,
            0.0,
            1.0,
            0.5,
            0.5,
            1.0,
            0.5,
            0.5,
            0.5,
            0.5,
            0.0,
            0.5,
            0.0,
            0.0,
            0.0,
            0.5,
            0.0,
            0.0,
            0.5,
            0.0,
            0.0,
            0.0,
            0.0,
            0.0,
            0.5,
            0.5,
            0.5,
            1.0,
            0.5
        ],
        "naiverag": [
            0.0,
            0.0,
            0.0,
            0.0,
            0.0,
            0.5,
            0.3333333333333333,
            0.0,
            0.0,
            0.0,
            0.0,
            0.5,
            0.0,
            0.0,
            0.0,
            0.0,
            0.0,
            0.0,
            0.3333333333333333,
            0.0,
            0.0,
            0.0,
            0.0,
            0.0,
            0.0,
            0.0,
            0.0,
            0.0,
            0.5,
            0.0,
            0.0,
            0.0,
            0.0,
            0.1111111111111111,
            0.0,
            0.0,
            0.0,
            0.0,
            0.0,
            0.0,
            0.0,
            0.0,
            0.0,
            0.0,
            0.0,
            0.0,
            0.0,
            0.0,
            0.0,
            0.5,
            0.0,
            0.0,
            0.5,
            0.0,
            0.0,
            0.5,
            0.0,
            0.0,
            0.0,
            0.3333333333333333
        ]
    },
    "n_questions": 60,
    "graphrag_mean": 0.23333333333333334,
    "naiverag_mean": 0.0685185185185185,
    "mean_difference": -0.1648148148148148,
    "wilcoxon_stat": 43.5,
    "p_value": 0.0003874283358554269,
    "ci_lower": -0.2500231481481482,
    "ci_upper": -0.08333333333333334,
    "effect_size": -0.6867018691844488,
    "interpretation": "NaiveRAG has LOWER hallucination; difference is highly significant (p \u2264 0.01) with a medium effect size (d = -0.6867)."
}