{
    "per_question_rates": {
        "graphrag": [
            0.1,
            0.0,
            0.0,
            0.3333333333333333,
            0.5
        ],
        "naiverag": [
            0.35294117647058826,
            0.0,
            0.0,
            0.0,
            0.5
        ]
    },
    "n_questions": 5,
    "graphrag_mean": 0.18666666666666668,
    "naiverag_mean": 0.17058823529411765,
    "mean_difference": -0.016078431372549017,
    "wilcoxon_stat": 1.0,
    "p_value": 1.0,
    "ci_lower": -0.2,
    "ci_upper": 0.15176470588235294,
    "effect_size": -0.06967981624499156,
    "interpretation": "NaiveRAG has LOWER hallucination; difference is not significant (p > 0.10) with a negligible effect size (d = -0.0697)."
}